{"cameraMode":{"drawMode":0,"name":"Shaded","section":"Shading Mode"},"sceneLighting":false,"audioPlay":false,"sceneViewState":{"showFog":true,"showMaterialUpdate":true,"showSkybox":false,"showFlares":true,"showImageEffects":true,"showParticleSystems":true},"in2DMode":false,"pivot":{"x":0.197902649641037,"y":0.34011900424957278,"z":-1.5873268842697144},"rotation":{"x":-0.005067392252385616,"y":0.9949315190315247,"z":-0.07025913894176483,"w":-0.07175909727811814},"size":22.0,"orthographic":true}